squadra;presidente;ruolo;giocatore;costo
Do Flamengo;elgringo95;P;Maignan;28
Do Flamengo;elgringo95;P;Torriani;1
Do Flamengo;elgringo95;P;Meret;15
Do Flamengo;elgringo95;D;Ramon;15
Do Flamengo;elgringo95;D;Mancini;19
Do Flamengo;elgringo95;D;Doekhi;5
Do Flamengo;elgringo95;D;Scalvini;5
Do Flamengo;elgringo95;D;Belghali;1
Do Flamengo;elgringo95;D;Rrahmani;6
Do Flamengo;elgringo95;D;Obrador;1
Do Flamengo;elgringo95;D;De Winter;2
Do Flamengo;elgringo95;C;Paz N.;71
Do Flamengo;elgringo95;C;Pulisic;31
Do Flamengo;elgringo95;C;Zaccagni;29
Do Flamengo;elgringo95;C;Cristante;4
Do Flamengo;elgringo95;C;Romano;2
Do Flamengo;elgringo95;C;Vlasic;7
Do Flamengo;elgringo95;C;Jones C.;1
Do Flamengo;elgringo95;C;Volpato;1
Do Flamengo;elgringo95;A;Scamacca;42
Do Flamengo;elgringo95;A;Martinez L.;198
Do Flamengo;elgringo95;A;Varela G.;1
Do Flamengo;elgringo95;A;Adams A.;4
Do Flamengo;elgringo95;A;Geubbels;1
Do Flamengo;elgringo95;A;Colombo;10
Manchester Squiddi;Peppe Guardia;P;Svilar;31
Manchester Squiddi;Peppe Guardia;P;Gollini;1
Manchester Squiddi;Peppe Guardia;P;Corvi;3
Manchester Squiddi;Peppe Guardia;D;Molina N.;20
Manchester Squiddi;Peppe Guardia;D;Spence;12
Manchester Squiddi;Peppe Guardia;D;Di Lorenzo;15
Manchester Squiddi;Peppe Guardia;D;Couto;16
Manchester Squiddi;Peppe Guardia;D;Kaiki;1
Manchester Squiddi;Peppe Guardia;D;Bellanova;4
Manchester Squiddi;Peppe Guardia;D;Valeri;4
Manchester Squiddi;Peppe Guardia;D;Diego Carlos;1
Manchester Squiddi;Peppe Guardia;C;Chukwueze;15
Manchester Squiddi;Peppe Guardia;C;Diouf;20
Manchester Squiddi;Peppe Guardia;C;Mctominay;33
Manchester Squiddi;Peppe Guardia;C;Atta;16
Manchester Squiddi;Peppe Guardia;C;Goncalves P.;10
Manchester Squiddi;Peppe Guardia;C;Moreira;4
Manchester Squiddi;Peppe Guardia;C;Rodriguez Je.;5
Manchester Squiddi;Peppe Guardia;C;Cancellieri;1
Manchester Squiddi;Peppe Guardia;A;Laurientè;29
Manchester Squiddi;Peppe Guardia;A;Woltemade;71
Manchester Squiddi;Peppe Guardia;A;Kolo Muani;79
Manchester Squiddi;Peppe Guardia;A;Adams C.;36
Manchester Squiddi;Peppe Guardia;A;Kvernadze;13
Manchester Squiddi;Peppe Guardia;A;De Ketelaere;59
Milano Boys;Gian Marco il Bello;P;Stankovic F.;3
Milano Boys;Gian Marco il Bello;P;Muric;3
Milano Boys;Gian Marco il Bello;P;Thiam;1
Milano Boys;Gian Marco il Bello;D;Vasquez;6
Milano Boys;Gian Marco il Bello;D;Bremer;22
Milano Boys;Gian Marco il Bello;D;Dodò;5
Milano Boys;Gian Marco il Bello;D;Akanji;20
Milano Boys;Gian Marco il Bello;D;Gabbia;4
Milano Boys;Gian Marco il Bello;D;Hermoso;10
Milano Boys;Gian Marco il Bello;D;N'dicka;8
Milano Boys;Gian Marco il Bello;D;Pavard;1
Milano Boys;Gian Marco il Bello;C;Calhanoglu;42
Milano Boys;Gian Marco il Bello;C;Alajbegovic;10
Milano Boys;Gian Marco il Bello;C;Da Cunha;21
Milano Boys;Gian Marco il Bello;C;Gudmundsson A.;9
Milano Boys;Gian Marco il Bello;C;Mandragora;5
Milano Boys;Gian Marco il Bello;C;Zielinski;14
Milano Boys;Gian Marco il Bello;C;Locatelli;3
Milano Boys;Gian Marco il Bello;C;Konè M.;9
Milano Boys;Gian Marco il Bello;A;Douvikas;116
Milano Boys;Gian Marco il Bello;A;Esposito F.P.;99
Milano Boys;Gian Marco il Bello;A;Raspadori;35
Milano Boys;Gian Marco il Bello;A;Stulic;4
Milano Boys;Gian Marco il Bello;A;Santos A.;18
Milano Boys;Gian Marco il Bello;A;Yeboah J.;1
Atletico Madrink;Luca;P;Carnesecchi;31
Atletico Madrink;Luca;P;Martinez Jo.;25
Atletico Madrink;Luca;P;Okoye;11
Atletico Madrink;Luca;D;Bernasconi;12
Atletico Madrink;Luca;D;Carlos Augusto;11
Atletico Madrink;Luca;D;Bastoni;25
Atletico Madrink;Luca;D;Mangas;10
Atletico Madrink;Luca;D;Bisseck;21
Atletico Madrink;Luca;D;Doig;5
Atletico Madrink;Luca;D;Hien;5
Atletico Madrink;Luca;D;Kempf;5
Atletico Madrink;Luca;C;Ederson D.S.;20
Atletico Madrink;Luca;C;Orsolini;34
Atletico Madrink;Luca;C;Musah;7
Atletico Madrink;Luca;C;Fazzini;5
Atletico Madrink;Luca;C;Pobega;3
Atletico Madrink;Luca;C;Frattesi;22
Atletico Madrink;Luca;C;Dominguez B.;3
Atletico Madrink;Luca;C;Bakola;1
Atletico Madrink;Luca;A;Raimondo;27
Atletico Madrink;Luca;A;Diao;138
Atletico Madrink;Luca;A;Piccoli;18
Atletico Madrink;Luca;A;Dovbyk;26
Atletico Madrink;Luca;A;Bonny;18
Atletico Madrink;Luca;A;Lang;9
Pan Fc;Mandrade;P;Vicario;32
Pan Fc;Mandrade;P;Provedel;1
Pan Fc;Mandrade;P;Perri;1
Pan Fc;Mandrade;D;Dimarco;45
Pan Fc;Mandrade;D;Vojvoda;10
Pan Fc;Mandrade;D;Zappacosta;3
Pan Fc;Mandrade;D;Spinazzola;4
Pan Fc;Mandrade;D;Celik;3
Pan Fc;Mandrade;D;Zortea;1
Pan Fc;Mandrade;D;Lulli;2
Pan Fc;Mandrade;D;Miranda J.;1
Pan Fc;Mandrade;C;Rabiot;33
Pan Fc;Mandrade;C;Mora;41
Pan Fc;Mandrade;C;Taylor K.;15
Pan Fc;Mandrade;C;Mckennie;16
Pan Fc;Mandrade;C;Modric;13
Pan Fc;Mandrade;C;Rowe;2
Pan Fc;Mandrade;C;Busio;1
Pan Fc;Mandrade;C;Mbangula;1
Pan Fc;Mandrade;A;Krstovic;25
Pan Fc;Mandrade;A;Ramos G.;115
Pan Fc;Mandrade;A;Kean;97
Pan Fc;Mandrade;A;Pellegrino M.;4
Pan Fc;Mandrade;A;Vitinha O.;9
Pan Fc;Mandrade;A;Mota;1
Aston Birra;ErikB95;P;Mandas;22
Aston Birra;ErikB95;P;Motta;1
Aston Birra;ErikB95;P;Butez;18
Aston Birra;ErikB95;D;Chalobah T.;13
Aston Birra;ErikB95;D;Comuzzo;6
Aston Birra;ErikB95;D;Gila;21
Aston Birra;ErikB95;D;Kristensen T.;3
Aston Birra;ErikB95;D;Kolasinac;3
Aston Birra;ErikB95;D;Valle;5
Aston Birra;ErikB95;D;Bartesaghi;1
Aston Birra;ErikB95;D;Oyono A.;1
Aston Birra;ErikB95;C;Barella;32
Aston Birra;ErikB95;C;Gonzalez N.;15
Aston Birra;ErikB95;C;Zaniolo;18
Aston Birra;ErikB95;C;Pisilli;5
Aston Birra;ErikB95;C;Kessiè;9
Aston Birra;ErikB95;C;Saelemaekers;8
Aston Birra;ErikB95;C;Koopmeiners;5
Aston Birra;ErikB95;C;El Shaarawy;1
Aston Birra;ErikB95;A;Thuram;137
Aston Birra;ErikB95;A;Soulè;56
Aston Birra;ErikB95;A;Berardi;21
Aston Birra;ErikB95;A;Dybala;97
Aston Birra;ErikB95;A;Boga;1
Aston Birra;ErikB95;A;Gnonto;1
Aquafan;Pres Ente;P;Caprile;18
Aquafan;Pres Ente;P;Sportiello;1
Aquafan;Pres Ente;P;Bijlow;3
Aquafan;Pres Ente;D;Solet;20
Aquafan;Pres Ente;D;Delprato;9
Aquafan;Pres Ente;D;Lucumì;6
Aquafan;Pres Ente;D;Kelly L.;3
Aquafan;Pres Ente;D;Tiago Gabriel;7
Aquafan;Pres Ente;D;Stones;3
Aquafan;Pres Ente;D;Ostigard;8
Aquafan;Pres Ente;D;Theate;3
Aquafan;Pres Ente;C;Conceicao;36
Aquafan;Pres Ente;C;De Bruyne;32
Aquafan;Pres Ente;C;Samardzic;8
Aquafan;Pres Ente;C;Calò;2
Aquafan;Pres Ente;C;Politano;16
Aquafan;Pres Ente;C;Cacciamani;2
Aquafan;Pres Ente;C;Unai Gomez;1
Aquafan;Pres Ente;C;Vergara;1
Aquafan;Pres Ente;A;Malen;219
Aquafan;Pres Ente;A;Simeone;18
Aquafan;Pres Ente;A;Castro S.;42
Aquafan;Pres Ente;A;Pinamonti;33
Aquafan;Pres Ente;A;Noslin;1
Aquafan;Pres Ente;A;Bowie;1
Si Gonfia La Rete;Ema;P;Falcone;6
Si Gonfia La Rete;Ema;P;De Gea;13
Si Gonfia La Rete;Ema;P;Skorupski;8
Si Gonfia La Rete;Ema;D;Wesley;30
Si Gonfia La Rete;Ema;D;Kamara H.;11
Si Gonfia La Rete;Ema;D;Obert;3
Si Gonfia La Rete;Ema;D;Kalulu;16
Si Gonfia La Rete;Ema;D;Pavlovic;14
Si Gonfia La Rete;Ema;D;Tavares N.;11
Si Gonfia La Rete;Ema;D;Leysen F.;1
Si Gonfia La Rete;Ema;D;Bracaglia;1
Si Gonfia La Rete;Ema;C;Bernardeschi;6
Si Gonfia La Rete;Ema;C;Baturina;64
Si Gonfia La Rete;Ema;C;Ekkelenkamp;18
Si Gonfia La Rete;Ema;C;Sucic P.;10
Si Gonfia La Rete;Ema;C;Cissè A.;16
Si Gonfia La Rete;Ema;C;Mastantuono;10
Si Gonfia La Rete;Ema;C;Baldanzi;2
Si Gonfia La Rete;Ema;C;Adzic;1
Si Gonfia La Rete;Ema;A;Davis K.;42
Si Gonfia La Rete;Ema;A;Hojlund;118
Si Gonfia La Rete;Ema;A;Maldini;15
Si Gonfia La Rete;Ema;A;Beto;24
Si Gonfia La Rete;Ema;A;Yildiz;14
Si Gonfia La Rete;Ema;A;Robinson J.;1
